scenario_id,method,budget_policies,seed,selected_idx,regret,exact
F01,GP_BO,12,0,50,0.0003920591928702312,0
F01,diffusion_residual_GP,12,0,43,0.0,1
F01,GP_BO,12,1,44,0.0,0
F01,diffusion_residual_GP,12,1,43,0.0,1
F01,GP_BO,12,2,44,0.0,0
F01,diffusion_residual_GP,12,2,43,0.0,1
F01,GP_BO,12,3,41,0.0,0
F01,diffusion_residual_GP,12,3,43,0.0,1
F01,GP_BO,12,4,54,0.00903063236239127,0
F01,diffusion_residual_GP,12,4,43,0.0,1
F01,GP_BO,20,0,43,0.0,1
F01,diffusion_residual_GP,20,0,43,0.0,1
F01,GP_BO,20,1,44,0.0,0
F01,diffusion_residual_GP,20,1,43,0.0,1
F01,GP_BO,20,2,44,0.0,0
F01,diffusion_residual_GP,20,2,43,0.0,1
F01,GP_BO,20,3,41,0.0,0
F01,diffusion_residual_GP,20,3,43,0.0,1
F01,GP_BO,20,4,51,0.0,0
F01,diffusion_residual_GP,20,4,43,0.0,1
F01,GP_BO,30,0,43,0.0,1
F01,diffusion_residual_GP,30,0,43,0.0,1
F01,GP_BO,30,1,44,0.0,0
F01,diffusion_residual_GP,30,1,43,0.0,1
F01,GP_BO,30,2,44,0.0,0
F01,diffusion_residual_GP,30,2,43,0.0,1
F01,GP_BO,30,3,44,0.0,0
F01,diffusion_residual_GP,30,3,43,0.0,1
F01,GP_BO,30,4,44,0.0,0
F01,diffusion_residual_GP,30,4,43,0.0,1
F01,GP_BO,44,0,43,0.0,1
F01,diffusion_residual_GP,44,0,43,0.0,1
F01,GP_BO,44,1,43,0.0,1
F01,diffusion_residual_GP,44,1,43,0.0,1
F01,GP_BO,44,2,43,0.0,1
F01,diffusion_residual_GP,44,2,43,0.0,1
F01,GP_BO,44,3,43,0.0,1
F01,diffusion_residual_GP,44,3,43,0.0,1
F01,GP_BO,44,4,43,0.0,1
F01,diffusion_residual_GP,44,4,43,0.0,1
F03,GP_BO,12,0,34,0.04294869646711975,0
F03,diffusion_residual_GP,12,0,23,0.0,1
F03,GP_BO,12,1,44,0.0389263402910814,0
F03,diffusion_residual_GP,12,1,23,0.0,1
F03,GP_BO,12,2,29,0.04204317952809247,0
F03,diffusion_residual_GP,12,2,23,0.0,1
F03,GP_BO,12,3,54,0.08268654987089702,0
F03,diffusion_residual_GP,12,3,23,0.0,1
F03,GP_BO,12,4,35,0.07219697300533622,0
F03,diffusion_residual_GP,12,4,23,0.0,1
F03,GP_BO,20,0,34,0.04294869646711975,0
F03,diffusion_residual_GP,20,0,23,0.0,1
F03,GP_BO,20,1,35,0.07219697300533622,0
F03,diffusion_residual_GP,20,1,23,0.0,1
F03,GP_BO,20,2,24,0.0,0
F03,diffusion_residual_GP,20,2,23,0.0,1
F03,GP_BO,20,3,24,0.0,0
F03,diffusion_residual_GP,20,3,23,0.0,1
F03,GP_BO,20,4,35,0.07219697300533622,0
F03,diffusion_residual_GP,20,4,23,0.0,1
F03,GP_BO,30,0,34,0.04294869646711975,0
F03,diffusion_residual_GP,30,0,23,0.0,1
F03,GP_BO,30,1,23,0.0,1
F03,diffusion_residual_GP,30,1,23,0.0,1
F03,GP_BO,30,2,23,0.0,1
F03,diffusion_residual_GP,30,2,23,0.0,1
F03,GP_BO,30,3,23,0.0,1
F03,diffusion_residual_GP,30,3,23,0.0,1
F03,GP_BO,30,4,35,0.07219697300533622,0
F03,diffusion_residual_GP,30,4,23,0.0,1
F03,GP_BO,44,0,34,0.04294869646711975,0
F03,diffusion_residual_GP,44,0,23,0.0,1
F03,GP_BO,44,1,23,0.0,1
F03,diffusion_residual_GP,44,1,23,0.0,1
F03,GP_BO,44,2,23,0.0,1
F03,diffusion_residual_GP,44,2,23,0.0,1
F03,GP_BO,44,3,23,0.0,1
F03,diffusion_residual_GP,44,3,23,0.0,1
F03,GP_BO,44,4,34,0.04294869646711975,0
F03,diffusion_residual_GP,44,4,23,0.0,1
F04,GP_BO,12,0,17,0.011587493235275888,0
F04,diffusion_residual_GP,12,0,12,0.0,1
F04,GP_BO,12,1,10,0.016142321244504772,0
F04,diffusion_residual_GP,12,1,12,0.0,1
F04,GP_BO,12,2,10,0.016142321244504772,0
F04,diffusion_residual_GP,12,2,12,0.0,1
F04,GP_BO,12,3,10,0.016142321244504772,0
F04,diffusion_residual_GP,12,3,12,0.0,1
F04,GP_BO,12,4,9,0.007666015740875198,0
F04,diffusion_residual_GP,12,4,12,0.0,1
F04,GP_BO,20,0,14,0.0024116989837357082,0
F04,diffusion_residual_GP,20,0,12,0.0,1
F04,GP_BO,20,1,12,0.0,1
F04,diffusion_residual_GP,20,1,12,0.0,1
F04,GP_BO,20,2,10,0.016142321244504772,0
F04,diffusion_residual_GP,20,2,12,0.0,1
F04,GP_BO,20,3,12,0.0,1
F04,diffusion_residual_GP,20,3,12,0.0,1
F04,GP_BO,20,4,18,0.006411080987235751,0
F04,diffusion_residual_GP,20,4,12,0.0,1
F04,GP_BO,30,0,12,0.0,1
F04,diffusion_residual_GP,30,0,12,0.0,1
F04,GP_BO,30,1,12,0.0,1
F04,diffusion_residual_GP,30,1,12,0.0,1
F04,GP_BO,30,2,10,0.016142321244504772,0
F04,diffusion_residual_GP,30,2,12,0.0,1
F04,GP_BO,30,3,12,0.0,1
F04,diffusion_residual_GP,30,3,12,0.0,1
F04,GP_BO,30,4,14,0.0024116989837357082,0
F04,diffusion_residual_GP,30,4,12,0.0,1
F04,GP_BO,44,0,12,0.0,1
F04,diffusion_residual_GP,44,0,12,0.0,1
F04,GP_BO,44,1,12,0.0,1
F04,diffusion_residual_GP,44,1,12,0.0,1
F04,GP_BO,44,2,12,0.0,1
F04,diffusion_residual_GP,44,2,12,0.0,1
F04,GP_BO,44,3,12,0.0,1
F04,diffusion_residual_GP,44,3,12,0.0,1
F04,GP_BO,44,4,12,0.0,1
F04,diffusion_residual_GP,44,4,12,0.0,1
F06,GP_BO,12,0,0,0.0,0
F06,diffusion_residual_GP,12,0,1,0.0,1
F06,GP_BO,12,1,0,0.0,0
F06,diffusion_residual_GP,12,1,1,0.0,1
F06,GP_BO,12,2,0,0.0,0
F06,diffusion_residual_GP,12,2,1,0.0,1
F06,GP_BO,12,3,0,0.0,0
F06,diffusion_residual_GP,12,3,1,0.0,1
F06,GP_BO,12,4,0,0.0,0
F06,diffusion_residual_GP,12,4,1,0.0,1
F06,GP_BO,20,0,1,0.0,1
F06,diffusion_residual_GP,20,0,1,0.0,1
F06,GP_BO,20,1,1,0.0,1
F06,diffusion_residual_GP,20,1,1,0.0,1
F06,GP_BO,20,2,1,0.0,1
F06,diffusion_residual_GP,20,2,1,0.0,1
F06,GP_BO,20,3,1,0.0,1
F06,diffusion_residual_GP,20,3,1,0.0,1
F06,GP_BO,20,4,1,0.0,1
F06,diffusion_residual_GP,20,4,1,0.0,1
F06,GP_BO,30,0,1,0.0,1
F06,diffusion_residual_GP,30,0,1,0.0,1
F06,GP_BO,30,1,1,0.0,1
F06,diffusion_residual_GP,30,1,1,0.0,1
F06,GP_BO,30,2,1,0.0,1
F06,diffusion_residual_GP,30,2,1,0.0,1
F06,GP_BO,30,3,1,0.0,1
F06,diffusion_residual_GP,30,3,1,0.0,1
F06,GP_BO,30,4,1,0.0,1
F06,diffusion_residual_GP,30,4,1,0.0,1
F06,GP_BO,44,0,1,0.0,1
F06,diffusion_residual_GP,44,0,1,0.0,1
F06,GP_BO,44,1,1,0.0,1
F06,diffusion_residual_GP,44,1,1,0.0,1
F06,GP_BO,44,2,1,0.0,1
F06,diffusion_residual_GP,44,2,1,0.0,1
F06,GP_BO,44,3,1,0.0,1
F06,diffusion_residual_GP,44,3,1,0.0,1
F06,GP_BO,44,4,1,0.0,1
F06,diffusion_residual_GP,44,4,1,0.0,1
F07,GP_BO,12,0,6,0.0,0
F07,diffusion_residual_GP,12,0,0,0.0,0
F07,GP_BO,12,1,14,0.011422323464503854,0
F07,diffusion_residual_GP,12,1,0,0.0,0
F07,GP_BO,12,2,0,0.0,0
F07,diffusion_residual_GP,12,2,0,0.0,0
F07,GP_BO,12,3,14,0.011422323464503854,0
F07,diffusion_residual_GP,12,3,0,0.0,0
F07,GP_BO,12,4,0,0.0,0
F07,diffusion_residual_GP,12,4,0,0.0,0
F07,GP_BO,20,0,6,0.0,0
F07,diffusion_residual_GP,20,0,2,0.0,0
F07,GP_BO,20,1,14,0.011422323464503854,0
F07,diffusion_residual_GP,20,1,2,0.0,0
F07,GP_BO,20,2,14,0.011422323464503854,0
F07,diffusion_residual_GP,20,2,2,0.0,0
F07,GP_BO,20,3,14,0.011422323464503854,0
F07,diffusion_residual_GP,20,3,2,0.0,0
F07,GP_BO,20,4,14,0.011422323464503854,0
F07,diffusion_residual_GP,20,4,2,0.0,0
F07,GP_BO,30,0,1,0.0,1
F07,diffusion_residual_GP,30,0,14,0.011422323464503854,0
F07,GP_BO,30,1,1,0.0,1
F07,diffusion_residual_GP,30,1,14,0.011422323464503854,0
F07,GP_BO,30,2,1,0.0,1
F07,diffusion_residual_GP,30,2,14,0.011422323464503854,0
F07,GP_BO,30,3,1,0.0,1
F07,diffusion_residual_GP,30,3,14,0.011422323464503854,0
F07,GP_BO,30,4,1,0.0,1
F07,diffusion_residual_GP,30,4,14,0.011422323464503854,0
F07,GP_BO,44,0,1,0.0,1
F07,diffusion_residual_GP,44,0,1,0.0,1
F07,GP_BO,44,1,1,0.0,1
F07,diffusion_residual_GP,44,1,1,0.0,1
F07,GP_BO,44,2,1,0.0,1
F07,diffusion_residual_GP,44,2,1,0.0,1
F07,GP_BO,44,3,1,0.0,1
F07,diffusion_residual_GP,44,3,1,0.0,1
F07,GP_BO,44,4,1,0.0,1
F07,diffusion_residual_GP,44,4,1,0.0,1
F09,GP_BO,12,0,10,0.0,0
F09,diffusion_residual_GP,12,0,10,0.0,0
F09,GP_BO,12,1,10,0.0,0
F09,diffusion_residual_GP,12,1,10,0.0,0
F09,GP_BO,12,2,6,0.0,0
F09,diffusion_residual_GP,12,2,10,0.0,0
F09,GP_BO,12,3,3,0.0,1
F09,diffusion_residual_GP,12,3,10,0.0,0
F09,GP_BO,12,4,10,0.0,0
F09,diffusion_residual_GP,12,4,10,0.0,0
F09,GP_BO,20,0,3,0.0,1
F09,diffusion_residual_GP,20,0,3,0.0,1
F09,GP_BO,20,1,3,0.0,1
F09,diffusion_residual_GP,20,1,3,0.0,1
F09,GP_BO,20,2,3,0.0,1
F09,diffusion_residual_GP,20,2,3,0.0,1
F09,GP_BO,20,3,3,0.0,1
F09,diffusion_residual_GP,20,3,3,0.0,1
F09,GP_BO,20,4,3,0.0,1
F09,diffusion_residual_GP,20,4,3,0.0,1
F09,GP_BO,30,0,3,0.0,1
F09,diffusion_residual_GP,30,0,3,0.0,1
F09,GP_BO,30,1,3,0.0,1
F09,diffusion_residual_GP,30,1,3,0.0,1
F09,GP_BO,30,2,3,0.0,1
F09,diffusion_residual_GP,30,2,3,0.0,1
F09,GP_BO,30,3,3,0.0,1
F09,diffusion_residual_GP,30,3,3,0.0,1
F09,GP_BO,30,4,3,0.0,1
F09,diffusion_residual_GP,30,4,3,0.0,1
F09,GP_BO,44,0,3,0.0,1
F09,diffusion_residual_GP,44,0,3,0.0,1
F09,GP_BO,44,1,3,0.0,1
F09,diffusion_residual_GP,44,1,3,0.0,1
F09,GP_BO,44,2,3,0.0,1
F09,diffusion_residual_GP,44,2,3,0.0,1
F09,GP_BO,44,3,3,0.0,1
F09,diffusion_residual_GP,44,3,3,0.0,1
F09,GP_BO,44,4,3,0.0,1
F09,diffusion_residual_GP,44,4,3,0.0,1
F10,GP_BO,12,0,0,0.0,0
F10,diffusion_residual_GP,12,0,1,0.0,1
F10,GP_BO,12,1,0,0.0,0
F10,diffusion_residual_GP,12,1,1,0.0,1
F10,GP_BO,12,2,0,0.0,0
F10,diffusion_residual_GP,12,2,1,0.0,1
F10,GP_BO,12,3,0,0.0,0
F10,diffusion_residual_GP,12,3,1,0.0,1
F10,GP_BO,12,4,0,0.0,0
F10,diffusion_residual_GP,12,4,1,0.0,1
F10,GP_BO,20,0,1,0.0,1
F10,diffusion_residual_GP,20,0,1,0.0,1
F10,GP_BO,20,1,1,0.0,1
F10,diffusion_residual_GP,20,1,1,0.0,1
F10,GP_BO,20,2,1,0.0,1
F10,diffusion_residual_GP,20,2,1,0.0,1
F10,GP_BO,20,3,1,0.0,1
F10,diffusion_residual_GP,20,3,1,0.0,1
F10,GP_BO,20,4,1,0.0,1
F10,diffusion_residual_GP,20,4,1,0.0,1
F10,GP_BO,30,0,1,0.0,1
F10,diffusion_residual_GP,30,0,1,0.0,1
F10,GP_BO,30,1,1,0.0,1
F10,diffusion_residual_GP,30,1,1,0.0,1
F10,GP_BO,30,2,1,0.0,1
F10,diffusion_residual_GP,30,2,1,0.0,1
F10,GP_BO,30,3,1,0.0,1
F10,diffusion_residual_GP,30,3,1,0.0,1
F10,GP_BO,30,4,1,0.0,1
F10,diffusion_residual_GP,30,4,1,0.0,1
F10,GP_BO,44,0,1,0.0,1
F10,diffusion_residual_GP,44,0,1,0.0,1
F10,GP_BO,44,1,1,0.0,1
F10,diffusion_residual_GP,44,1,1,0.0,1
F10,GP_BO,44,2,1,0.0,1
F10,diffusion_residual_GP,44,2,1,0.0,1
F10,GP_BO,44,3,1,0.0,1
F10,diffusion_residual_GP,44,3,1,0.0,1
F10,GP_BO,44,4,1,0.0,1
F10,diffusion_residual_GP,44,4,1,0.0,1
F12,GP_BO,12,0,0,0.0,0
F12,diffusion_residual_GP,12,0,3,0.0,1
F12,GP_BO,12,1,3,0.0,1
F12,diffusion_residual_GP,12,1,3,0.0,1
F12,GP_BO,12,2,0,0.0,0
F12,diffusion_residual_GP,12,2,3,0.0,1
F12,GP_BO,12,3,3,0.0,1
F12,diffusion_residual_GP,12,3,3,0.0,1
F12,GP_BO,12,4,3,0.0,1
F12,diffusion_residual_GP,12,4,3,0.0,1
F12,GP_BO,20,0,3,0.0,1
F12,diffusion_residual_GP,20,0,3,0.0,1
F12,GP_BO,20,1,3,0.0,1
F12,diffusion_residual_GP,20,1,3,0.0,1
F12,GP_BO,20,2,3,0.0,1
F12,diffusion_residual_GP,20,2,3,0.0,1
F12,GP_BO,20,3,3,0.0,1
F12,diffusion_residual_GP,20,3,3,0.0,1
F12,GP_BO,20,4,3,0.0,1
F12,diffusion_residual_GP,20,4,3,0.0,1
F12,GP_BO,30,0,3,0.0,1
F12,diffusion_residual_GP,30,0,3,0.0,1
F12,GP_BO,30,1,3,0.0,1
F12,diffusion_residual_GP,30,1,3,0.0,1
F12,GP_BO,30,2,3,0.0,1
F12,diffusion_residual_GP,30,2,3,0.0,1
F12,GP_BO,30,3,3,0.0,1
F12,diffusion_residual_GP,30,3,3,0.0,1
F12,GP_BO,30,4,3,0.0,1
F12,diffusion_residual_GP,30,4,3,0.0,1
F12,GP_BO,44,0,3,0.0,1
F12,diffusion_residual_GP,44,0,3,0.0,1
F12,GP_BO,44,1,3,0.0,1
F12,diffusion_residual_GP,44,1,3,0.0,1
F12,GP_BO,44,2,3,0.0,1
F12,diffusion_residual_GP,44,2,3,0.0,1
F12,GP_BO,44,3,3,0.0,1
F12,diffusion_residual_GP,44,3,3,0.0,1
F12,GP_BO,44,4,3,0.0,1
F12,diffusion_residual_GP,44,4,3,0.0,1
F27,GP_BO,12,0,0,0.0,1
F27,diffusion_residual_GP,12,0,0,0.0,1
F27,GP_BO,12,1,0,0.0,1
F27,diffusion_residual_GP,12,1,0,0.0,1
F27,GP_BO,12,2,0,0.0,1
F27,diffusion_residual_GP,12,2,0,0.0,1
F27,GP_BO,12,3,0,0.0,1
F27,diffusion_residual_GP,12,3,0,0.0,1
F27,GP_BO,12,4,0,0.0,1
F27,diffusion_residual_GP,12,4,0,0.0,1
F27,GP_BO,20,0,0,0.0,1
F27,diffusion_residual_GP,20,0,0,0.0,1
F27,GP_BO,20,1,0,0.0,1
F27,diffusion_residual_GP,20,1,0,0.0,1
F27,GP_BO,20,2,0,0.0,1
F27,diffusion_residual_GP,20,2,0,0.0,1
F27,GP_BO,20,3,0,0.0,1
F27,diffusion_residual_GP,20,3,0,0.0,1
F27,GP_BO,20,4,0,0.0,1
F27,diffusion_residual_GP,20,4,0,0.0,1
F27,GP_BO,30,0,0,0.0,1
F27,diffusion_residual_GP,30,0,0,0.0,1
F27,GP_BO,30,1,0,0.0,1
F27,diffusion_residual_GP,30,1,0,0.0,1
F27,GP_BO,30,2,0,0.0,1
F27,diffusion_residual_GP,30,2,0,0.0,1
F27,GP_BO,30,3,0,0.0,1
F27,diffusion_residual_GP,30,3,0,0.0,1
F27,GP_BO,30,4,0,0.0,1
F27,diffusion_residual_GP,30,4,0,0.0,1
F27,GP_BO,44,0,0,0.0,1
F27,diffusion_residual_GP,44,0,0,0.0,1
F27,GP_BO,44,1,0,0.0,1
F27,diffusion_residual_GP,44,1,0,0.0,1
F27,GP_BO,44,2,0,0.0,1
F27,diffusion_residual_GP,44,2,0,0.0,1
F27,GP_BO,44,3,0,0.0,1
F27,diffusion_residual_GP,44,3,0,0.0,1
F27,GP_BO,44,4,0,0.0,1
F27,diffusion_residual_GP,44,4,0,0.0,1
F28,GP_BO,12,0,0,0.0,1
F28,diffusion_residual_GP,12,0,0,0.0,1
F28,GP_BO,12,1,0,0.0,1
F28,diffusion_residual_GP,12,1,0,0.0,1
F28,GP_BO,12,2,0,0.0,1
F28,diffusion_residual_GP,12,2,0,0.0,1
F28,GP_BO,12,3,0,0.0,1
F28,diffusion_residual_GP,12,3,0,0.0,1
F28,GP_BO,12,4,0,0.0,1
F28,diffusion_residual_GP,12,4,0,0.0,1
F28,GP_BO,20,0,0,0.0,1
F28,diffusion_residual_GP,20,0,0,0.0,1
F28,GP_BO,20,1,0,0.0,1
F28,diffusion_residual_GP,20,1,0,0.0,1
F28,GP_BO,20,2,0,0.0,1
F28,diffusion_residual_GP,20,2,0,0.0,1
F28,GP_BO,20,3,0,0.0,1
F28,diffusion_residual_GP,20,3,0,0.0,1
F28,GP_BO,20,4,0,0.0,1
F28,diffusion_residual_GP,20,4,0,0.0,1
F28,GP_BO,30,0,0,0.0,1
F28,diffusion_residual_GP,30,0,0,0.0,1
F28,GP_BO,30,1,0,0.0,1
F28,diffusion_residual_GP,30,1,0,0.0,1
F28,GP_BO,30,2,0,0.0,1
F28,diffusion_residual_GP,30,2,0,0.0,1
F28,GP_BO,30,3,0,0.0,1
F28,diffusion_residual_GP,30,3,0,0.0,1
F28,GP_BO,30,4,0,0.0,1
F28,diffusion_residual_GP,30,4,0,0.0,1
F28,GP_BO,44,0,0,0.0,1
F28,diffusion_residual_GP,44,0,0,0.0,1
F28,GP_BO,44,1,0,0.0,1
F28,diffusion_residual_GP,44,1,0,0.0,1
F28,GP_BO,44,2,0,0.0,1
F28,diffusion_residual_GP,44,2,0,0.0,1
F28,GP_BO,44,3,0,0.0,1
F28,diffusion_residual_GP,44,3,0,0.0,1
F28,GP_BO,44,4,0,0.0,1
F28,diffusion_residual_GP,44,4,0,0.0,1
F31,GP_BO,12,0,0,0.0,1
F31,diffusion_residual_GP,12,0,0,0.0,1
F31,GP_BO,12,1,0,0.0,1
F31,diffusion_residual_GP,12,1,0,0.0,1
F31,GP_BO,12,2,0,0.0,1
F31,diffusion_residual_GP,12,2,0,0.0,1
F31,GP_BO,12,3,0,0.0,1
F31,diffusion_residual_GP,12,3,0,0.0,1
F31,GP_BO,12,4,0,0.0,1
F31,diffusion_residual_GP,12,4,0,0.0,1
F31,GP_BO,20,0,0,0.0,1
F31,diffusion_residual_GP,20,0,0,0.0,1
F31,GP_BO,20,1,0,0.0,1
F31,diffusion_residual_GP,20,1,0,0.0,1
F31,GP_BO,20,2,0,0.0,1
F31,diffusion_residual_GP,20,2,0,0.0,1
F31,GP_BO,20,3,0,0.0,1
F31,diffusion_residual_GP,20,3,0,0.0,1
F31,GP_BO,20,4,0,0.0,1
F31,diffusion_residual_GP,20,4,0,0.0,1
F31,GP_BO,30,0,0,0.0,1
F31,diffusion_residual_GP,30,0,0,0.0,1
F31,GP_BO,30,1,0,0.0,1
F31,diffusion_residual_GP,30,1,0,0.0,1
F31,GP_BO,30,2,0,0.0,1
F31,diffusion_residual_GP,30,2,0,0.0,1
F31,GP_BO,30,3,0,0.0,1
F31,diffusion_residual_GP,30,3,0,0.0,1
F31,GP_BO,30,4,0,0.0,1
F31,diffusion_residual_GP,30,4,0,0.0,1
F31,GP_BO,44,0,0,0.0,1
F31,diffusion_residual_GP,44,0,0,0.0,1
F31,GP_BO,44,1,0,0.0,1
F31,diffusion_residual_GP,44,1,0,0.0,1
F31,GP_BO,44,2,0,0.0,1
F31,diffusion_residual_GP,44,2,0,0.0,1
F31,GP_BO,44,3,0,0.0,1
F31,diffusion_residual_GP,44,3,0,0.0,1
F31,GP_BO,44,4,0,0.0,1
F31,diffusion_residual_GP,44,4,0,0.0,1
F36,GP_BO,12,0,0,0.0,1
F36,diffusion_residual_GP,12,0,0,0.0,1
F36,GP_BO,12,1,0,0.0,1
F36,diffusion_residual_GP,12,1,0,0.0,1
F36,GP_BO,12,2,0,0.0,1
F36,diffusion_residual_GP,12,2,0,0.0,1
F36,GP_BO,12,3,0,0.0,1
F36,diffusion_residual_GP,12,3,0,0.0,1
F36,GP_BO,12,4,0,0.0,1
F36,diffusion_residual_GP,12,4,0,0.0,1
F36,GP_BO,20,0,0,0.0,1
F36,diffusion_residual_GP,20,0,0,0.0,1
F36,GP_BO,20,1,0,0.0,1
F36,diffusion_residual_GP,20,1,0,0.0,1
F36,GP_BO,20,2,0,0.0,1
F36,diffusion_residual_GP,20,2,0,0.0,1
F36,GP_BO,20,3,0,0.0,1
F36,diffusion_residual_GP,20,3,0,0.0,1
F36,GP_BO,20,4,0,0.0,1
F36,diffusion_residual_GP,20,4,0,0.0,1
F36,GP_BO,30,0,0,0.0,1
F36,diffusion_residual_GP,30,0,0,0.0,1
F36,GP_BO,30,1,0,0.0,1
F36,diffusion_residual_GP,30,1,0,0.0,1
F36,GP_BO,30,2,0,0.0,1
F36,diffusion_residual_GP,30,2,0,0.0,1
F36,GP_BO,30,3,0,0.0,1
F36,diffusion_residual_GP,30,3,0,0.0,1
F36,GP_BO,30,4,0,0.0,1
F36,diffusion_residual_GP,30,4,0,0.0,1
F36,GP_BO,44,0,0,0.0,1
F36,diffusion_residual_GP,44,0,0,0.0,1
F36,GP_BO,44,1,0,0.0,1
F36,diffusion_residual_GP,44,1,0,0.0,1
F36,GP_BO,44,2,0,0.0,1
F36,diffusion_residual_GP,44,2,0,0.0,1
F36,GP_BO,44,3,0,0.0,1
F36,diffusion_residual_GP,44,3,0,0.0,1
F36,GP_BO,44,4,0,0.0,1
F36,diffusion_residual_GP,44,4,0,0.0,1
R03,GP_BO,12,0,0,0.00029444547132495276,0
R03,diffusion_residual_GP,12,0,1,0.0,1
R03,GP_BO,12,1,0,0.00029444547132495276,0
R03,diffusion_residual_GP,12,1,1,0.0,1
R03,GP_BO,12,2,0,0.00029444547132495276,0
R03,diffusion_residual_GP,12,2,1,0.0,1
R03,GP_BO,12,3,0,0.00029444547132495276,0
R03,diffusion_residual_GP,12,3,1,0.0,1
R03,GP_BO,12,4,0,0.00029444547132495276,0
R03,diffusion_residual_GP,12,4,1,0.0,1
R03,GP_BO,20,0,0,0.00029444547132495276,0
R03,diffusion_residual_GP,20,0,1,0.0,1
R03,GP_BO,20,1,0,0.00029444547132495276,0
R03,diffusion_residual_GP,20,1,1,0.0,1
R03,GP_BO,20,2,0,0.00029444547132495276,0
R03,diffusion_residual_GP,20,2,1,0.0,1
R03,GP_BO,20,3,0,0.00029444547132495276,0
R03,diffusion_residual_GP,20,3,1,0.0,1
R03,GP_BO,20,4,0,0.00029444547132495276,0
R03,diffusion_residual_GP,20,4,1,0.0,1
R03,GP_BO,30,0,1,0.0,1
R03,diffusion_residual_GP,30,0,1,0.0,1
R03,GP_BO,30,1,1,0.0,1
R03,diffusion_residual_GP,30,1,1,0.0,1
R03,GP_BO,30,2,1,0.0,1
R03,diffusion_residual_GP,30,2,1,0.0,1
R03,GP_BO,30,3,1,0.0,1
R03,diffusion_residual_GP,30,3,1,0.0,1
R03,GP_BO,30,4,1,0.0,1
R03,diffusion_residual_GP,30,4,1,0.0,1
R03,GP_BO,44,0,1,0.0,1
R03,diffusion_residual_GP,44,0,1,0.0,1
R03,GP_BO,44,1,1,0.0,1
R03,diffusion_residual_GP,44,1,1,0.0,1
R03,GP_BO,44,2,1,0.0,1
R03,diffusion_residual_GP,44,2,1,0.0,1
R03,GP_BO,44,3,1,0.0,1
R03,diffusion_residual_GP,44,3,1,0.0,1
R03,GP_BO,44,4,1,0.0,1
R03,diffusion_residual_GP,44,4,1,0.0,1
R06,GP_BO,12,0,0,0.0,1
R06,diffusion_residual_GP,12,0,0,0.0,1
R06,GP_BO,12,1,0,0.0,1
R06,diffusion_residual_GP,12,1,0,0.0,1
R06,GP_BO,12,2,0,0.0,1
R06,diffusion_residual_GP,12,2,0,0.0,1
R06,GP_BO,12,3,0,0.0,1
R06,diffusion_residual_GP,12,3,0,0.0,1
R06,GP_BO,12,4,0,0.0,1
R06,diffusion_residual_GP,12,4,0,0.0,1
R06,GP_BO,20,0,0,0.0,1
R06,diffusion_residual_GP,20,0,0,0.0,1
R06,GP_BO,20,1,0,0.0,1
R06,diffusion_residual_GP,20,1,0,0.0,1
R06,GP_BO,20,2,0,0.0,1
R06,diffusion_residual_GP,20,2,0,0.0,1
R06,GP_BO,20,3,0,0.0,1
R06,diffusion_residual_GP,20,3,0,0.0,1
R06,GP_BO,20,4,0,0.0,1
R06,diffusion_residual_GP,20,4,0,0.0,1
R06,GP_BO,30,0,0,0.0,1
R06,diffusion_residual_GP,30,0,0,0.0,1
R06,GP_BO,30,1,0,0.0,1
R06,diffusion_residual_GP,30,1,0,0.0,1
R06,GP_BO,30,2,0,0.0,1
R06,diffusion_residual_GP,30,2,0,0.0,1
R06,GP_BO,30,3,0,0.0,1
R06,diffusion_residual_GP,30,3,0,0.0,1
R06,GP_BO,30,4,0,0.0,1
R06,diffusion_residual_GP,30,4,0,0.0,1
R06,GP_BO,44,0,0,0.0,1
R06,diffusion_residual_GP,44,0,0,0.0,1
R06,GP_BO,44,1,0,0.0,1
R06,diffusion_residual_GP,44,1,0,0.0,1
R06,GP_BO,44,2,0,0.0,1
R06,diffusion_residual_GP,44,2,0,0.0,1
R06,GP_BO,44,3,0,0.0,1
R06,diffusion_residual_GP,44,3,0,0.0,1
R06,GP_BO,44,4,0,0.0,1
R06,diffusion_residual_GP,44,4,0,0.0,1
R07,GP_BO,12,0,162,0.0047629077744463615,0
R07,diffusion_residual_GP,12,0,182,0.0034778710551162406,0
R07,GP_BO,12,1,146,0.0,1
R07,diffusion_residual_GP,12,1,182,0.0034778710551162406,0
R07,GP_BO,12,2,181,0.0005496556513014473,0
R07,diffusion_residual_GP,12,2,182,0.0034778710551162406,0
R07,GP_BO,12,3,180,0.0004834383825595385,0
R07,diffusion_residual_GP,12,3,182,0.0034778710551162406,0
R07,GP_BO,12,4,119,0.00811499983382563,0
R07,diffusion_residual_GP,12,4,182,0.0034778710551162406,0
R07,GP_BO,20,0,149,0.0008793787754072508,0
R07,diffusion_residual_GP,20,0,182,0.0034778710551162406,0
R07,GP_BO,20,1,146,0.0,1
R07,diffusion_residual_GP,20,1,182,0.0034778710551162406,0
R07,GP_BO,20,2,183,0.0026655642056135215,0
R07,diffusion_residual_GP,20,2,182,0.0034778710551162406,0
R07,GP_BO,20,3,182,0.0034778710551162406,0
R07,diffusion_residual_GP,20,3,182,0.0034778710551162406,0
R07,GP_BO,20,4,119,0.00811499983382563,0
R07,diffusion_residual_GP,20,4,182,0.0034778710551162406,0
R07,GP_BO,30,0,146,0.0,1
R07,diffusion_residual_GP,30,0,182,0.0034778710551162406,0
R07,GP_BO,30,1,146,0.0,1
R07,diffusion_residual_GP,30,1,182,0.0034778710551162406,0
R07,GP_BO,30,2,182,0.0034778710551162406,0
R07,diffusion_residual_GP,30,2,182,0.0034778710551162406,0
R07,GP_BO,30,3,146,0.0,1
R07,diffusion_residual_GP,30,3,182,0.0034778710551162406,0
R07,GP_BO,30,4,146,0.0,1
R07,diffusion_residual_GP,30,4,182,0.0034778710551162406,0
R07,GP_BO,44,0,146,0.0,1
R07,diffusion_residual_GP,44,0,146,0.0,1
R07,GP_BO,44,1,146,0.0,1
R07,diffusion_residual_GP,44,1,146,0.0,1
R07,GP_BO,44,2,182,0.0034778710551162406,0
R07,diffusion_residual_GP,44,2,146,0.0,1
R07,GP_BO,44,3,146,0.0,1
R07,diffusion_residual_GP,44,3,146,0.0,1
R07,GP_BO,44,4,146,0.0,1
R07,diffusion_residual_GP,44,4,146,0.0,1
R08,GP_BO,12,0,0,0.0,1
R08,diffusion_residual_GP,12,0,0,0.0,1
R08,GP_BO,12,1,0,0.0,1
R08,diffusion_residual_GP,12,1,0,0.0,1
R08,GP_BO,12,2,0,0.0,1
R08,diffusion_residual_GP,12,2,0,0.0,1
R08,GP_BO,12,3,0,0.0,1
R08,diffusion_residual_GP,12,3,0,0.0,1
R08,GP_BO,12,4,0,0.0,1
R08,diffusion_residual_GP,12,4,0,0.0,1
R08,GP_BO,20,0,0,0.0,1
R08,diffusion_residual_GP,20,0,0,0.0,1
R08,GP_BO,20,1,0,0.0,1
R08,diffusion_residual_GP,20,1,0,0.0,1
R08,GP_BO,20,2,0,0.0,1
R08,diffusion_residual_GP,20,2,0,0.0,1
R08,GP_BO,20,3,0,0.0,1
R08,diffusion_residual_GP,20,3,0,0.0,1
R08,GP_BO,20,4,0,0.0,1
R08,diffusion_residual_GP,20,4,0,0.0,1
R08,GP_BO,30,0,0,0.0,1
R08,diffusion_residual_GP,30,0,0,0.0,1
R08,GP_BO,30,1,0,0.0,1
R08,diffusion_residual_GP,30,1,0,0.0,1
R08,GP_BO,30,2,0,0.0,1
R08,diffusion_residual_GP,30,2,0,0.0,1
R08,GP_BO,30,3,0,0.0,1
R08,diffusion_residual_GP,30,3,0,0.0,1
R08,GP_BO,30,4,0,0.0,1
R08,diffusion_residual_GP,30,4,0,0.0,1
R08,GP_BO,44,0,0,0.0,1
R08,diffusion_residual_GP,44,0,0,0.0,1
R08,GP_BO,44,1,0,0.0,1
R08,diffusion_residual_GP,44,1,0,0.0,1
R08,GP_BO,44,2,0,0.0,1
R08,diffusion_residual_GP,44,2,0,0.0,1
R08,GP_BO,44,3,0,0.0,1
R08,diffusion_residual_GP,44,3,0,0.0,1
R08,GP_BO,44,4,0,0.0,1
R08,diffusion_residual_GP,44,4,0,0.0,1
R12,GP_BO,12,0,0,0.0,0
R12,diffusion_residual_GP,12,0,3,0.0,1
R12,GP_BO,12,1,3,0.0,1
R12,diffusion_residual_GP,12,1,3,0.0,1
R12,GP_BO,12,2,0,0.0,0
R12,diffusion_residual_GP,12,2,3,0.0,1
R12,GP_BO,12,3,0,0.0,0
R12,diffusion_residual_GP,12,3,3,0.0,1
R12,GP_BO,12,4,3,0.0,1
R12,diffusion_residual_GP,12,4,3,0.0,1
R12,GP_BO,20,0,0,0.0,0
R12,diffusion_residual_GP,20,0,3,0.0,1
R12,GP_BO,20,1,3,0.0,1
R12,diffusion_residual_GP,20,1,3,0.0,1
R12,GP_BO,20,2,3,0.0,1
R12,diffusion_residual_GP,20,2,3,0.0,1
R12,GP_BO,20,3,3,0.0,1
R12,diffusion_residual_GP,20,3,3,0.0,1
R12,GP_BO,20,4,3,0.0,1
R12,diffusion_residual_GP,20,4,3,0.0,1
R12,GP_BO,30,0,3,0.0,1
R12,diffusion_residual_GP,30,0,3,0.0,1
R12,GP_BO,30,1,3,0.0,1
R12,diffusion_residual_GP,30,1,3,0.0,1
R12,GP_BO,30,2,3,0.0,1
R12,diffusion_residual_GP,30,2,3,0.0,1
R12,GP_BO,30,3,3,0.0,1
R12,diffusion_residual_GP,30,3,3,0.0,1
R12,GP_BO,30,4,3,0.0,1
R12,diffusion_residual_GP,30,4,3,0.0,1
R12,GP_BO,44,0,3,0.0,1
R12,diffusion_residual_GP,44,0,3,0.0,1
R12,GP_BO,44,1,3,0.0,1
R12,diffusion_residual_GP,44,1,3,0.0,1
R12,GP_BO,44,2,3,0.0,1
R12,diffusion_residual_GP,44,2,3,0.0,1
R12,GP_BO,44,3,3,0.0,1
R12,diffusion_residual_GP,44,3,3,0.0,1
R12,GP_BO,44,4,3,0.0,1
R12,diffusion_residual_GP,44,4,3,0.0,1
R13,GP_BO,12,0,6,0.0,0
R13,diffusion_residual_GP,12,0,1,0.0,1
R13,GP_BO,12,1,3,0.0063328892401093625,0
R13,diffusion_residual_GP,12,1,1,0.0,1
R13,GP_BO,12,2,6,0.0,0
R13,diffusion_residual_GP,12,2,1,0.0,1
R13,GP_BO,12,3,3,0.0063328892401093625,0
R13,diffusion_residual_GP,12,3,1,0.0,1
R13,GP_BO,12,4,0,0.0,0
R13,diffusion_residual_GP,12,4,1,0.0,1
R13,GP_BO,20,0,1,0.0,1
R13,diffusion_residual_GP,20,0,1,0.0,1
R13,GP_BO,20,1,1,0.0,1
R13,diffusion_residual_GP,20,1,1,0.0,1
R13,GP_BO,20,2,1,0.0,1
R13,diffusion_residual_GP,20,2,1,0.0,1
R13,GP_BO,20,3,1,0.0,1
R13,diffusion_residual_GP,20,3,1,0.0,1
R13,GP_BO,20,4,1,0.0,1
R13,diffusion_residual_GP,20,4,1,0.0,1
R13,GP_BO,30,0,1,0.0,1
R13,diffusion_residual_GP,30,0,1,0.0,1
R13,GP_BO,30,1,1,0.0,1
R13,diffusion_residual_GP,30,1,1,0.0,1
R13,GP_BO,30,2,1,0.0,1
R13,diffusion_residual_GP,30,2,1,0.0,1
R13,GP_BO,30,3,1,0.0,1
R13,diffusion_residual_GP,30,3,1,0.0,1
R13,GP_BO,30,4,1,0.0,1
R13,diffusion_residual_GP,30,4,1,0.0,1
R13,GP_BO,44,0,1,0.0,1
R13,diffusion_residual_GP,44,0,1,0.0,1
R13,GP_BO,44,1,1,0.0,1
R13,diffusion_residual_GP,44,1,1,0.0,1
R13,GP_BO,44,2,1,0.0,1
R13,diffusion_residual_GP,44,2,1,0.0,1
R13,GP_BO,44,3,1,0.0,1
R13,diffusion_residual_GP,44,3,1,0.0,1
R13,GP_BO,44,4,1,0.0,1
R13,diffusion_residual_GP,44,4,1,0.0,1
R17,GP_BO,12,0,0,0.0,1
R17,diffusion_residual_GP,12,0,0,0.0,1
R17,GP_BO,12,1,0,0.0,1
R17,diffusion_residual_GP,12,1,0,0.0,1
R17,GP_BO,12,2,0,0.0,1
R17,diffusion_residual_GP,12,2,0,0.0,1
R17,GP_BO,12,3,0,0.0,1
R17,diffusion_residual_GP,12,3,0,0.0,1
R17,GP_BO,12,4,0,0.0,1
R17,diffusion_residual_GP,12,4,0,0.0,1
R17,GP_BO,20,0,0,0.0,1
R17,diffusion_residual_GP,20,0,0,0.0,1
R17,GP_BO,20,1,0,0.0,1
R17,diffusion_residual_GP,20,1,0,0.0,1
R17,GP_BO,20,2,0,0.0,1
R17,diffusion_residual_GP,20,2,0,0.0,1
R17,GP_BO,20,3,0,0.0,1
R17,diffusion_residual_GP,20,3,0,0.0,1
R17,GP_BO,20,4,0,0.0,1
R17,diffusion_residual_GP,20,4,0,0.0,1
R17,GP_BO,30,0,0,0.0,1
R17,diffusion_residual_GP,30,0,0,0.0,1
R17,GP_BO,30,1,0,0.0,1
R17,diffusion_residual_GP,30,1,0,0.0,1
R17,GP_BO,30,2,0,0.0,1
R17,diffusion_residual_GP,30,2,0,0.0,1
R17,GP_BO,30,3,0,0.0,1
R17,diffusion_residual_GP,30,3,0,0.0,1
R17,GP_BO,30,4,0,0.0,1
R17,diffusion_residual_GP,30,4,0,0.0,1
R17,GP_BO,44,0,0,0.0,1
R17,diffusion_residual_GP,44,0,0,0.0,1
R17,GP_BO,44,1,0,0.0,1
R17,diffusion_residual_GP,44,1,0,0.0,1
R17,GP_BO,44,2,0,0.0,1
R17,diffusion_residual_GP,44,2,0,0.0,1
R17,GP_BO,44,3,0,0.0,1
R17,diffusion_residual_GP,44,3,0,0.0,1
R17,GP_BO,44,4,0,0.0,1
R17,diffusion_residual_GP,44,4,0,0.0,1
R18,GP_BO,12,0,0,0.0,0
R18,diffusion_residual_GP,12,0,1,0.0,1
R18,GP_BO,12,1,0,0.0,0
R18,diffusion_residual_GP,12,1,1,0.0,1
R18,GP_BO,12,2,0,0.0,0
R18,diffusion_residual_GP,12,2,1,0.0,1
R18,GP_BO,12,3,0,0.0,0
R18,diffusion_residual_GP,12,3,1,0.0,1
R18,GP_BO,12,4,0,0.0,0
R18,diffusion_residual_GP,12,4,1,0.0,1
R18,GP_BO,20,0,1,0.0,1
R18,diffusion_residual_GP,20,0,1,0.0,1
R18,GP_BO,20,1,1,0.0,1
R18,diffusion_residual_GP,20,1,1,0.0,1
R18,GP_BO,20,2,1,0.0,1
R18,diffusion_residual_GP,20,2,1,0.0,1
R18,GP_BO,20,3,0,0.0,0
R18,diffusion_residual_GP,20,3,1,0.0,1
R18,GP_BO,20,4,1,0.0,1
R18,diffusion_residual_GP,20,4,1,0.0,1
R18,GP_BO,30,0,1,0.0,1
R18,diffusion_residual_GP,30,0,1,0.0,1
R18,GP_BO,30,1,1,0.0,1
R18,diffusion_residual_GP,30,1,1,0.0,1
R18,GP_BO,30,2,1,0.0,1
R18,diffusion_residual_GP,30,2,1,0.0,1
R18,GP_BO,30,3,1,0.0,1
R18,diffusion_residual_GP,30,3,1,0.0,1
R18,GP_BO,30,4,1,0.0,1
R18,diffusion_residual_GP,30,4,1,0.0,1
R18,GP_BO,44,0,1,0.0,1
R18,diffusion_residual_GP,44,0,1,0.0,1
R18,GP_BO,44,1,1,0.0,1
R18,diffusion_residual_GP,44,1,1,0.0,1
R18,GP_BO,44,2,1,0.0,1
R18,diffusion_residual_GP,44,2,1,0.0,1
R18,GP_BO,44,3,1,0.0,1
R18,diffusion_residual_GP,44,3,1,0.0,1
R18,GP_BO,44,4,1,0.0,1
R18,diffusion_residual_GP,44,4,1,0.0,1
R20,GP_BO,12,0,0,0.0,1
R20,diffusion_residual_GP,12,0,0,0.0,1
R20,GP_BO,12,1,0,0.0,1
R20,diffusion_residual_GP,12,1,0,0.0,1
R20,GP_BO,12,2,0,0.0,1
R20,diffusion_residual_GP,12,2,0,0.0,1
R20,GP_BO,12,3,0,0.0,1
R20,diffusion_residual_GP,12,3,0,0.0,1
R20,GP_BO,12,4,0,0.0,1
R20,diffusion_residual_GP,12,4,0,0.0,1
R20,GP_BO,20,0,0,0.0,1
R20,diffusion_residual_GP,20,0,0,0.0,1
R20,GP_BO,20,1,0,0.0,1
R20,diffusion_residual_GP,20,1,0,0.0,1
R20,GP_BO,20,2,0,0.0,1
R20,diffusion_residual_GP,20,2,0,0.0,1
R20,GP_BO,20,3,0,0.0,1
R20,diffusion_residual_GP,20,3,0,0.0,1
R20,GP_BO,20,4,0,0.0,1
R20,diffusion_residual_GP,20,4,0,0.0,1
R20,GP_BO,30,0,0,0.0,1
R20,diffusion_residual_GP,30,0,0,0.0,1
R20,GP_BO,30,1,0,0.0,1
R20,diffusion_residual_GP,30,1,0,0.0,1
R20,GP_BO,30,2,0,0.0,1
R20,diffusion_residual_GP,30,2,0,0.0,1
R20,GP_BO,30,3,0,0.0,1
R20,diffusion_residual_GP,30,3,0,0.0,1
R20,GP_BO,30,4,0,0.0,1
R20,diffusion_residual_GP,30,4,0,0.0,1
R20,GP_BO,44,0,0,0.0,1
R20,diffusion_residual_GP,44,0,0,0.0,1
R20,GP_BO,44,1,0,0.0,1
R20,diffusion_residual_GP,44,1,0,0.0,1
R20,GP_BO,44,2,0,0.0,1
R20,diffusion_residual_GP,44,2,0,0.0,1
R20,GP_BO,44,3,0,0.0,1
R20,diffusion_residual_GP,44,3,0,0.0,1
R20,GP_BO,44,4,0,0.0,1
R20,diffusion_residual_GP,44,4,0,0.0,1
R22,GP_BO,12,0,0,0.0,1
R22,diffusion_residual_GP,12,0,0,0.0,1
R22,GP_BO,12,1,0,0.0,1
R22,diffusion_residual_GP,12,1,0,0.0,1
R22,GP_BO,12,2,0,0.0,1
R22,diffusion_residual_GP,12,2,0,0.0,1
R22,GP_BO,12,3,0,0.0,1
R22,diffusion_residual_GP,12,3,0,0.0,1
R22,GP_BO,12,4,0,0.0,1
R22,diffusion_residual_GP,12,4,0,0.0,1
R22,GP_BO,20,0,0,0.0,1
R22,diffusion_residual_GP,20,0,0,0.0,1
R22,GP_BO,20,1,0,0.0,1
R22,diffusion_residual_GP,20,1,0,0.0,1
R22,GP_BO,20,2,0,0.0,1
R22,diffusion_residual_GP,20,2,0,0.0,1
R22,GP_BO,20,3,0,0.0,1
R22,diffusion_residual_GP,20,3,0,0.0,1
R22,GP_BO,20,4,0,0.0,1
R22,diffusion_residual_GP,20,4,0,0.0,1
R22,GP_BO,30,0,0,0.0,1
R22,diffusion_residual_GP,30,0,0,0.0,1
R22,GP_BO,30,1,0,0.0,1
R22,diffusion_residual_GP,30,1,0,0.0,1
R22,GP_BO,30,2,0,0.0,1
R22,diffusion_residual_GP,30,2,0,0.0,1
R22,GP_BO,30,3,0,0.0,1
R22,diffusion_residual_GP,30,3,0,0.0,1
R22,GP_BO,30,4,0,0.0,1
R22,diffusion_residual_GP,30,4,0,0.0,1
R22,GP_BO,44,0,0,0.0,1
R22,diffusion_residual_GP,44,0,0,0.0,1
R22,GP_BO,44,1,0,0.0,1
R22,diffusion_residual_GP,44,1,0,0.0,1
R22,GP_BO,44,2,0,0.0,1
R22,diffusion_residual_GP,44,2,0,0.0,1
R22,GP_BO,44,3,0,0.0,1
R22,diffusion_residual_GP,44,3,0,0.0,1
R22,GP_BO,44,4,0,0.0,1
R22,diffusion_residual_GP,44,4,0,0.0,1
R23,GP_BO,12,0,0,0.0,1
R23,diffusion_residual_GP,12,0,0,0.0,1
R23,GP_BO,12,1,0,0.0,1
R23,diffusion_residual_GP,12,1,0,0.0,1
R23,GP_BO,12,2,0,0.0,1
R23,diffusion_residual_GP,12,2,0,0.0,1
R23,GP_BO,12,3,0,0.0,1
R23,diffusion_residual_GP,12,3,0,0.0,1
R23,GP_BO,12,4,0,0.0,1
R23,diffusion_residual_GP,12,4,0,0.0,1
R23,GP_BO,20,0,0,0.0,1
R23,diffusion_residual_GP,20,0,0,0.0,1
R23,GP_BO,20,1,0,0.0,1
R23,diffusion_residual_GP,20,1,0,0.0,1
R23,GP_BO,20,2,0,0.0,1
R23,diffusion_residual_GP,20,2,0,0.0,1
R23,GP_BO,20,3,0,0.0,1
R23,diffusion_residual_GP,20,3,0,0.0,1
R23,GP_BO,20,4,0,0.0,1
R23,diffusion_residual_GP,20,4,0,0.0,1
R23,GP_BO,30,0,0,0.0,1
R23,diffusion_residual_GP,30,0,0,0.0,1
R23,GP_BO,30,1,0,0.0,1
R23,diffusion_residual_GP,30,1,0,0.0,1
R23,GP_BO,30,2,0,0.0,1
R23,diffusion_residual_GP,30,2,0,0.0,1
R23,GP_BO,30,3,0,0.0,1
R23,diffusion_residual_GP,30,3,0,0.0,1
R23,GP_BO,30,4,0,0.0,1
R23,diffusion_residual_GP,30,4,0,0.0,1
R23,GP_BO,44,0,0,0.0,1
R23,diffusion_residual_GP,44,0,0,0.0,1
R23,GP_BO,44,1,0,0.0,1
R23,diffusion_residual_GP,44,1,0,0.0,1
R23,GP_BO,44,2,0,0.0,1
R23,diffusion_residual_GP,44,2,0,0.0,1
R23,GP_BO,44,3,0,0.0,1
R23,diffusion_residual_GP,44,3,0,0.0,1
R23,GP_BO,44,4,0,0.0,1
R23,diffusion_residual_GP,44,4,0,0.0,1
R24,GP_BO,12,0,0,0.0,1
R24,diffusion_residual_GP,12,0,0,0.0,1
R24,GP_BO,12,1,0,0.0,1
R24,diffusion_residual_GP,12,1,0,0.0,1
R24,GP_BO,12,2,0,0.0,1
R24,diffusion_residual_GP,12,2,0,0.0,1
R24,GP_BO,12,3,0,0.0,1
R24,diffusion_residual_GP,12,3,0,0.0,1
R24,GP_BO,12,4,0,0.0,1
R24,diffusion_residual_GP,12,4,0,0.0,1
R24,GP_BO,20,0,0,0.0,1
R24,diffusion_residual_GP,20,0,0,0.0,1
R24,GP_BO,20,1,0,0.0,1
R24,diffusion_residual_GP,20,1,0,0.0,1
R24,GP_BO,20,2,0,0.0,1
R24,diffusion_residual_GP,20,2,0,0.0,1
R24,GP_BO,20,3,0,0.0,1
R24,diffusion_residual_GP,20,3,0,0.0,1
R24,GP_BO,20,4,0,0.0,1
R24,diffusion_residual_GP,20,4,0,0.0,1
R24,GP_BO,30,0,0,0.0,1
R24,diffusion_residual_GP,30,0,0,0.0,1
R24,GP_BO,30,1,0,0.0,1
R24,diffusion_residual_GP,30,1,0,0.0,1
R24,GP_BO,30,2,0,0.0,1
R24,diffusion_residual_GP,30,2,0,0.0,1
R24,GP_BO,30,3,0,0.0,1
R24,diffusion_residual_GP,30,3,0,0.0,1
R24,GP_BO,30,4,0,0.0,1
R24,diffusion_residual_GP,30,4,0,0.0,1
R24,GP_BO,44,0,0,0.0,1
R24,diffusion_residual_GP,44,0,0,0.0,1
R24,GP_BO,44,1,0,0.0,1
R24,diffusion_residual_GP,44,1,0,0.0,1
R24,GP_BO,44,2,0,0.0,1
R24,diffusion_residual_GP,44,2,0,0.0,1
R24,GP_BO,44,3,0,0.0,1
R24,diffusion_residual_GP,44,3,0,0.0,1
R24,GP_BO,44,4,0,0.0,1
R24,diffusion_residual_GP,44,4,0,0.0,1
V01,GP_BO,12,0,145,0.0032778340303448884,0
V01,diffusion_residual_GP,12,0,177,0.010665480692701462,0
V01,GP_BO,12,1,99,0.0,0
V01,diffusion_residual_GP,12,1,177,0.010665480692701462,0
V01,GP_BO,12,2,143,0.0008968647075986424,0
V01,diffusion_residual_GP,12,2,177,0.010665480692701462,0
V01,GP_BO,12,3,180,0.006446630737505509,0
V01,diffusion_residual_GP,12,3,177,0.010665480692701462,0
V01,GP_BO,12,4,184,0.00878082831833419,0
V01,diffusion_residual_GP,12,4,177,0.010665480692701462,0
V01,GP_BO,20,0,140,0.008749575902695652,0
V01,diffusion_residual_GP,20,0,100,0.0,0
V01,GP_BO,20,1,99,0.0,0
V01,diffusion_residual_GP,20,1,100,0.0,0
V01,GP_BO,20,2,99,0.0,0
V01,diffusion_residual_GP,20,2,100,0.0,0
V01,GP_BO,20,3,164,0.0,1
V01,diffusion_residual_GP,20,3,100,0.0,0
V01,GP_BO,20,4,184,0.00878082831833419,0
V01,diffusion_residual_GP,20,4,100,0.0,0
V01,GP_BO,30,0,98,0.0027803828299722447,0
V01,diffusion_residual_GP,30,0,131,0.0,0
V01,GP_BO,30,1,99,0.0,0
V01,diffusion_residual_GP,30,1,131,0.0,0
V01,GP_BO,30,2,99,0.0,0
V01,diffusion_residual_GP,30,2,131,0.0,0
V01,GP_BO,30,3,164,0.0,1
V01,diffusion_residual_GP,30,3,131,0.0,0
V01,GP_BO,30,4,150,0.0,0
V01,diffusion_residual_GP,30,4,131,0.0,0
V01,GP_BO,44,0,98,0.0027803828299722447,0
V01,diffusion_residual_GP,44,0,150,0.0,0
V01,GP_BO,44,1,99,0.0,0
V01,diffusion_residual_GP,44,1,150,0.0,0
V01,GP_BO,44,2,99,0.0,0
V01,diffusion_residual_GP,44,2,150,0.0,0
V01,GP_BO,44,3,164,0.0,1
V01,diffusion_residual_GP,44,3,150,0.0,0
V01,GP_BO,44,4,150,0.0,0
V01,diffusion_residual_GP,44,4,150,0.0,0
V02,GP_BO,12,0,0,0.0,1
V02,diffusion_residual_GP,12,0,0,0.0,1
V02,GP_BO,12,1,0,0.0,1
V02,diffusion_residual_GP,12,1,0,0.0,1
V02,GP_BO,12,2,0,0.0,1
V02,diffusion_residual_GP,12,2,0,0.0,1
V02,GP_BO,12,3,0,0.0,1
V02,diffusion_residual_GP,12,3,0,0.0,1
V02,GP_BO,12,4,0,0.0,1
V02,diffusion_residual_GP,12,4,0,0.0,1
V02,GP_BO,20,0,0,0.0,1
V02,diffusion_residual_GP,20,0,0,0.0,1
V02,GP_BO,20,1,0,0.0,1
V02,diffusion_residual_GP,20,1,0,0.0,1
V02,GP_BO,20,2,0,0.0,1
V02,diffusion_residual_GP,20,2,0,0.0,1
V02,GP_BO,20,3,0,0.0,1
V02,diffusion_residual_GP,20,3,0,0.0,1
V02,GP_BO,20,4,0,0.0,1
V02,diffusion_residual_GP,20,4,0,0.0,1
V02,GP_BO,30,0,0,0.0,1
V02,diffusion_residual_GP,30,0,0,0.0,1
V02,GP_BO,30,1,0,0.0,1
V02,diffusion_residual_GP,30,1,0,0.0,1
V02,GP_BO,30,2,0,0.0,1
V02,diffusion_residual_GP,30,2,0,0.0,1
V02,GP_BO,30,3,0,0.0,1
V02,diffusion_residual_GP,30,3,0,0.0,1
V02,GP_BO,30,4,0,0.0,1
V02,diffusion_residual_GP,30,4,0,0.0,1
V02,GP_BO,44,0,0,0.0,1
V02,diffusion_residual_GP,44,0,0,0.0,1
V02,GP_BO,44,1,0,0.0,1
V02,diffusion_residual_GP,44,1,0,0.0,1
V02,GP_BO,44,2,0,0.0,1
V02,diffusion_residual_GP,44,2,0,0.0,1
V02,GP_BO,44,3,0,0.0,1
V02,diffusion_residual_GP,44,3,0,0.0,1
V02,GP_BO,44,4,0,0.0,1
V02,diffusion_residual_GP,44,4,0,0.0,1
V03,GP_BO,12,0,0,0.0,1
V03,diffusion_residual_GP,12,0,0,0.0,1
V03,GP_BO,12,1,0,0.0,1
V03,diffusion_residual_GP,12,1,0,0.0,1
V03,GP_BO,12,2,0,0.0,1
V03,diffusion_residual_GP,12,2,0,0.0,1
V03,GP_BO,12,3,0,0.0,1
V03,diffusion_residual_GP,12,3,0,0.0,1
V03,GP_BO,12,4,0,0.0,1
V03,diffusion_residual_GP,12,4,0,0.0,1
V03,GP_BO,20,0,0,0.0,1
V03,diffusion_residual_GP,20,0,0,0.0,1
V03,GP_BO,20,1,0,0.0,1
V03,diffusion_residual_GP,20,1,0,0.0,1
V03,GP_BO,20,2,0,0.0,1
V03,diffusion_residual_GP,20,2,0,0.0,1
V03,GP_BO,20,3,0,0.0,1
V03,diffusion_residual_GP,20,3,0,0.0,1
V03,GP_BO,20,4,0,0.0,1
V03,diffusion_residual_GP,20,4,0,0.0,1
V03,GP_BO,30,0,0,0.0,1
V03,diffusion_residual_GP,30,0,0,0.0,1
V03,GP_BO,30,1,0,0.0,1
V03,diffusion_residual_GP,30,1,0,0.0,1
V03,GP_BO,30,2,0,0.0,1
V03,diffusion_residual_GP,30,2,0,0.0,1
V03,GP_BO,30,3,0,0.0,1
V03,diffusion_residual_GP,30,3,0,0.0,1
V03,GP_BO,30,4,0,0.0,1
V03,diffusion_residual_GP,30,4,0,0.0,1
V03,GP_BO,44,0,0,0.0,1
V03,diffusion_residual_GP,44,0,0,0.0,1
V03,GP_BO,44,1,0,0.0,1
V03,diffusion_residual_GP,44,1,0,0.0,1
V03,GP_BO,44,2,0,0.0,1
V03,diffusion_residual_GP,44,2,0,0.0,1
V03,GP_BO,44,3,0,0.0,1
V03,diffusion_residual_GP,44,3,0,0.0,1
V03,GP_BO,44,4,0,0.0,1
V03,diffusion_residual_GP,44,4,0,0.0,1
V04,GP_BO,12,0,0,0.0,0
V04,diffusion_residual_GP,12,0,3,0.0,1
V04,GP_BO,12,1,0,0.0,0
V04,diffusion_residual_GP,12,1,3,0.0,1
V04,GP_BO,12,2,0,0.0,0
V04,diffusion_residual_GP,12,2,3,0.0,1
V04,GP_BO,12,3,3,0.0,1
V04,diffusion_residual_GP,12,3,3,0.0,1
V04,GP_BO,12,4,0,0.0,0
V04,diffusion_residual_GP,12,4,3,0.0,1
V04,GP_BO,20,0,0,0.0,0
V04,diffusion_residual_GP,20,0,3,0.0,1
V04,GP_BO,20,1,3,0.0,1
V04,diffusion_residual_GP,20,1,3,0.0,1
V04,GP_BO,20,2,3,0.0,1
V04,diffusion_residual_GP,20,2,3,0.0,1
V04,GP_BO,20,3,3,0.0,1
V04,diffusion_residual_GP,20,3,3,0.0,1
V04,GP_BO,20,4,3,0.0,1
V04,diffusion_residual_GP,20,4,3,0.0,1
V04,GP_BO,30,0,3,0.0,1
V04,diffusion_residual_GP,30,0,3,0.0,1
V04,GP_BO,30,1,3,0.0,1
V04,diffusion_residual_GP,30,1,3,0.0,1
V04,GP_BO,30,2,3,0.0,1
V04,diffusion_residual_GP,30,2,3,0.0,1
V04,GP_BO,30,3,3,0.0,1
V04,diffusion_residual_GP,30,3,3,0.0,1
V04,GP_BO,30,4,3,0.0,1
V04,diffusion_residual_GP,30,4,3,0.0,1
V04,GP_BO,44,0,3,0.0,1
V04,diffusion_residual_GP,44,0,3,0.0,1
V04,GP_BO,44,1,3,0.0,1
V04,diffusion_residual_GP,44,1,3,0.0,1
V04,GP_BO,44,2,3,0.0,1
V04,diffusion_residual_GP,44,2,3,0.0,1
V04,GP_BO,44,3,3,0.0,1
V04,diffusion_residual_GP,44,3,3,0.0,1
V04,GP_BO,44,4,3,0.0,1
V04,diffusion_residual_GP,44,4,3,0.0,1
V05,GP_BO,12,0,0,0.0,0
V05,diffusion_residual_GP,12,0,1,0.0,1
V05,GP_BO,12,1,0,0.0,0
V05,diffusion_residual_GP,12,1,1,0.0,1
V05,GP_BO,12,2,1,0.0,1
V05,diffusion_residual_GP,12,2,1,0.0,1
V05,GP_BO,12,3,1,0.0,1
V05,diffusion_residual_GP,12,3,1,0.0,1
V05,GP_BO,12,4,1,0.0,1
V05,diffusion_residual_GP,12,4,1,0.0,1
V05,GP_BO,20,0,1,0.0,1
V05,diffusion_residual_GP,20,0,1,0.0,1
V05,GP_BO,20,1,1,0.0,1
V05,diffusion_residual_GP,20,1,1,0.0,1
V05,GP_BO,20,2,1,0.0,1
V05,diffusion_residual_GP,20,2,1,0.0,1
V05,GP_BO,20,3,1,0.0,1
V05,diffusion_residual_GP,20,3,1,0.0,1
V05,GP_BO,20,4,1,0.0,1
V05,diffusion_residual_GP,20,4,1,0.0,1
V05,GP_BO,30,0,1,0.0,1
V05,diffusion_residual_GP,30,0,1,0.0,1
V05,GP_BO,30,1,1,0.0,1
V05,diffusion_residual_GP,30,1,1,0.0,1
V05,GP_BO,30,2,1,0.0,1
V05,diffusion_residual_GP,30,2,1,0.0,1
V05,GP_BO,30,3,1,0.0,1
V05,diffusion_residual_GP,30,3,1,0.0,1
V05,GP_BO,30,4,1,0.0,1
V05,diffusion_residual_GP,30,4,1,0.0,1
V05,GP_BO,44,0,1,0.0,1
V05,diffusion_residual_GP,44,0,1,0.0,1
V05,GP_BO,44,1,1,0.0,1
V05,diffusion_residual_GP,44,1,1,0.0,1
V05,GP_BO,44,2,1,0.0,1
V05,diffusion_residual_GP,44,2,1,0.0,1
V05,GP_BO,44,3,1,0.0,1
V05,diffusion_residual_GP,44,3,1,0.0,1
V05,GP_BO,44,4,1,0.0,1
V05,diffusion_residual_GP,44,4,1,0.0,1
V06,GP_BO,12,0,6,0.0,0
V06,diffusion_residual_GP,12,0,1,0.0,0
V06,GP_BO,12,1,0,0.0,0
V06,diffusion_residual_GP,12,1,1,0.0,0
V06,GP_BO,12,2,6,0.0,0
V06,diffusion_residual_GP,12,2,1,0.0,0
V06,GP_BO,12,3,0,0.0,0
V06,diffusion_residual_GP,12,3,1,0.0,0
V06,GP_BO,12,4,0,0.0,0
V06,diffusion_residual_GP,12,4,1,0.0,0
V06,GP_BO,20,0,15,0.0,0
V06,diffusion_residual_GP,20,0,1,0.0,0
V06,GP_BO,20,1,2,0.0,1
V06,diffusion_residual_GP,20,1,1,0.0,0
V06,GP_BO,20,2,2,0.0,1
V06,diffusion_residual_GP,20,2,1,0.0,0
V06,GP_BO,20,3,2,0.0,1
V06,diffusion_residual_GP,20,3,1,0.0,0
V06,GP_BO,20,4,2,0.0,1
V06,diffusion_residual_GP,20,4,1,0.0,0
V06,GP_BO,30,0,2,0.0,1
V06,diffusion_residual_GP,30,0,2,0.0,1
V06,GP_BO,30,1,2,0.0,1
V06,diffusion_residual_GP,30,1,2,0.0,1
V06,GP_BO,30,2,2,0.0,1
V06,diffusion_residual_GP,30,2,2,0.0,1
V06,GP_BO,30,3,2,0.0,1
V06,diffusion_residual_GP,30,3,2,0.0,1
V06,GP_BO,30,4,2,0.0,1
V06,diffusion_residual_GP,30,4,2,0.0,1
V06,GP_BO,44,0,2,0.0,1
V06,diffusion_residual_GP,44,0,2,0.0,1
V06,GP_BO,44,1,2,0.0,1
V06,diffusion_residual_GP,44,1,2,0.0,1
V06,GP_BO,44,2,2,0.0,1
V06,diffusion_residual_GP,44,2,2,0.0,1
V06,GP_BO,44,3,2,0.0,1
V06,diffusion_residual_GP,44,3,2,0.0,1
V06,GP_BO,44,4,2,0.0,1
V06,diffusion_residual_GP,44,4,2,0.0,1
V07,GP_BO,12,0,0,0.0,1
V07,diffusion_residual_GP,12,0,0,0.0,1
V07,GP_BO,12,1,0,0.0,1
V07,diffusion_residual_GP,12,1,0,0.0,1
V07,GP_BO,12,2,0,0.0,1
V07,diffusion_residual_GP,12,2,0,0.0,1
V07,GP_BO,12,3,0,0.0,1
V07,diffusion_residual_GP,12,3,0,0.0,1
V07,GP_BO,12,4,0,0.0,1
V07,diffusion_residual_GP,12,4,0,0.0,1
V07,GP_BO,20,0,0,0.0,1
V07,diffusion_residual_GP,20,0,0,0.0,1
V07,GP_BO,20,1,0,0.0,1
V07,diffusion_residual_GP,20,1,0,0.0,1
V07,GP_BO,20,2,0,0.0,1
V07,diffusion_residual_GP,20,2,0,0.0,1
V07,GP_BO,20,3,0,0.0,1
V07,diffusion_residual_GP,20,3,0,0.0,1
V07,GP_BO,20,4,0,0.0,1
V07,diffusion_residual_GP,20,4,0,0.0,1
V07,GP_BO,30,0,0,0.0,1
V07,diffusion_residual_GP,30,0,0,0.0,1
V07,GP_BO,30,1,0,0.0,1
V07,diffusion_residual_GP,30,1,0,0.0,1
V07,GP_BO,30,2,0,0.0,1
V07,diffusion_residual_GP,30,2,0,0.0,1
V07,GP_BO,30,3,0,0.0,1
V07,diffusion_residual_GP,30,3,0,0.0,1
V07,GP_BO,30,4,0,0.0,1
V07,diffusion_residual_GP,30,4,0,0.0,1
V07,GP_BO,44,0,0,0.0,1
V07,diffusion_residual_GP,44,0,0,0.0,1
V07,GP_BO,44,1,0,0.0,1
V07,diffusion_residual_GP,44,1,0,0.0,1
V07,GP_BO,44,2,0,0.0,1
V07,diffusion_residual_GP,44,2,0,0.0,1
V07,GP_BO,44,3,0,0.0,1
V07,diffusion_residual_GP,44,3,0,0.0,1
V07,GP_BO,44,4,0,0.0,1
V07,diffusion_residual_GP,44,4,0,0.0,1
V08,GP_BO,12,0,0,0.0,1
V08,diffusion_residual_GP,12,0,0,0.0,1
V08,GP_BO,12,1,0,0.0,1
V08,diffusion_residual_GP,12,1,0,0.0,1
V08,GP_BO,12,2,0,0.0,1
V08,diffusion_residual_GP,12,2,0,0.0,1
V08,GP_BO,12,3,0,0.0,1
V08,diffusion_residual_GP,12,3,0,0.0,1
V08,GP_BO,12,4,0,0.0,1
V08,diffusion_residual_GP,12,4,0,0.0,1
V08,GP_BO,20,0,0,0.0,1
V08,diffusion_residual_GP,20,0,0,0.0,1
V08,GP_BO,20,1,0,0.0,1
V08,diffusion_residual_GP,20,1,0,0.0,1
V08,GP_BO,20,2,0,0.0,1
V08,diffusion_residual_GP,20,2,0,0.0,1
V08,GP_BO,20,3,0,0.0,1
V08,diffusion_residual_GP,20,3,0,0.0,1
V08,GP_BO,20,4,0,0.0,1
V08,diffusion_residual_GP,20,4,0,0.0,1
V08,GP_BO,30,0,0,0.0,1
V08,diffusion_residual_GP,30,0,0,0.0,1
V08,GP_BO,30,1,0,0.0,1
V08,diffusion_residual_GP,30,1,0,0.0,1
V08,GP_BO,30,2,0,0.0,1
V08,diffusion_residual_GP,30,2,0,0.0,1
V08,GP_BO,30,3,0,0.0,1
V08,diffusion_residual_GP,30,3,0,0.0,1
V08,GP_BO,30,4,0,0.0,1
V08,diffusion_residual_GP,30,4,0,0.0,1
V08,GP_BO,44,0,0,0.0,1
V08,diffusion_residual_GP,44,0,0,0.0,1
V08,GP_BO,44,1,0,0.0,1
V08,diffusion_residual_GP,44,1,0,0.0,1
V08,GP_BO,44,2,0,0.0,1
V08,diffusion_residual_GP,44,2,0,0.0,1
V08,GP_BO,44,3,0,0.0,1
V08,diffusion_residual_GP,44,3,0,0.0,1
V08,GP_BO,44,4,0,0.0,1
V08,diffusion_residual_GP,44,4,0,0.0,1
V09,GP_BO,12,0,0,0.0,1
V09,diffusion_residual_GP,12,0,0,0.0,1
V09,GP_BO,12,1,0,0.0,1
V09,diffusion_residual_GP,12,1,0,0.0,1
V09,GP_BO,12,2,0,0.0,1
V09,diffusion_residual_GP,12,2,0,0.0,1
V09,GP_BO,12,3,0,0.0,1
V09,diffusion_residual_GP,12,3,0,0.0,1
V09,GP_BO,12,4,0,0.0,1
V09,diffusion_residual_GP,12,4,0,0.0,1
V09,GP_BO,20,0,0,0.0,1
V09,diffusion_residual_GP,20,0,0,0.0,1
V09,GP_BO,20,1,0,0.0,1
V09,diffusion_residual_GP,20,1,0,0.0,1
V09,GP_BO,20,2,0,0.0,1
V09,diffusion_residual_GP,20,2,0,0.0,1
V09,GP_BO,20,3,0,0.0,1
V09,diffusion_residual_GP,20,3,0,0.0,1
V09,GP_BO,20,4,0,0.0,1
V09,diffusion_residual_GP,20,4,0,0.0,1
V09,GP_BO,30,0,0,0.0,1
V09,diffusion_residual_GP,30,0,0,0.0,1
V09,GP_BO,30,1,0,0.0,1
V09,diffusion_residual_GP,30,1,0,0.0,1
V09,GP_BO,30,2,0,0.0,1
V09,diffusion_residual_GP,30,2,0,0.0,1
V09,GP_BO,30,3,0,0.0,1
V09,diffusion_residual_GP,30,3,0,0.0,1
V09,GP_BO,30,4,0,0.0,1
V09,diffusion_residual_GP,30,4,0,0.0,1
V09,GP_BO,44,0,0,0.0,1
V09,diffusion_residual_GP,44,0,0,0.0,1
V09,GP_BO,44,1,0,0.0,1
V09,diffusion_residual_GP,44,1,0,0.0,1
V09,GP_BO,44,2,0,0.0,1
V09,diffusion_residual_GP,44,2,0,0.0,1
V09,GP_BO,44,3,0,0.0,1
V09,diffusion_residual_GP,44,3,0,0.0,1
V09,GP_BO,44,4,0,0.0,1
V09,diffusion_residual_GP,44,4,0,0.0,1
V10,GP_BO,12,0,0,0.0,1
V10,diffusion_residual_GP,12,0,0,0.0,1
V10,GP_BO,12,1,0,0.0,1
V10,diffusion_residual_GP,12,1,0,0.0,1
V10,GP_BO,12,2,0,0.0,1
V10,diffusion_residual_GP,12,2,0,0.0,1
V10,GP_BO,12,3,0,0.0,1
V10,diffusion_residual_GP,12,3,0,0.0,1
V10,GP_BO,12,4,0,0.0,1
V10,diffusion_residual_GP,12,4,0,0.0,1
V10,GP_BO,20,0,0,0.0,1
V10,diffusion_residual_GP,20,0,0,0.0,1
V10,GP_BO,20,1,0,0.0,1
V10,diffusion_residual_GP,20,1,0,0.0,1
V10,GP_BO,20,2,0,0.0,1
V10,diffusion_residual_GP,20,2,0,0.0,1
V10,GP_BO,20,3,0,0.0,1
V10,diffusion_residual_GP,20,3,0,0.0,1
V10,GP_BO,20,4,0,0.0,1
V10,diffusion_residual_GP,20,4,0,0.0,1
V10,GP_BO,30,0,0,0.0,1
V10,diffusion_residual_GP,30,0,0,0.0,1
V10,GP_BO,30,1,0,0.0,1
V10,diffusion_residual_GP,30,1,0,0.0,1
V10,GP_BO,30,2,0,0.0,1
V10,diffusion_residual_GP,30,2,0,0.0,1
V10,GP_BO,30,3,0,0.0,1
V10,diffusion_residual_GP,30,3,0,0.0,1
V10,GP_BO,30,4,0,0.0,1
V10,diffusion_residual_GP,30,4,0,0.0,1
V10,GP_BO,44,0,0,0.0,1
V10,diffusion_residual_GP,44,0,0,0.0,1
V10,GP_BO,44,1,0,0.0,1
V10,diffusion_residual_GP,44,1,0,0.0,1
V10,GP_BO,44,2,0,0.0,1
V10,diffusion_residual_GP,44,2,0,0.0,1
V10,GP_BO,44,3,0,0.0,1
V10,diffusion_residual_GP,44,3,0,0.0,1
V10,GP_BO,44,4,0,0.0,1
V10,diffusion_residual_GP,44,4,0,0.0,1
V11,GP_BO,12,0,0,0.0,0
V11,diffusion_residual_GP,12,0,1,0.0,1
V11,GP_BO,12,1,0,0.0,0
V11,diffusion_residual_GP,12,1,1,0.0,1
V11,GP_BO,12,2,0,0.0,0
V11,diffusion_residual_GP,12,2,1,0.0,1
V11,GP_BO,12,3,0,0.0,0
V11,diffusion_residual_GP,12,3,1,0.0,1
V11,GP_BO,12,4,0,0.0,0
V11,diffusion_residual_GP,12,4,1,0.0,1
V11,GP_BO,20,0,0,0.0,0
V11,diffusion_residual_GP,20,0,1,0.0,1
V11,GP_BO,20,1,3,0.0,0
V11,diffusion_residual_GP,20,1,1,0.0,1
V11,GP_BO,20,2,1,0.0,1
V11,diffusion_residual_GP,20,2,1,0.0,1
V11,GP_BO,20,3,3,0.0,0
V11,diffusion_residual_GP,20,3,1,0.0,1
V11,GP_BO,20,4,3,0.0,0
V11,diffusion_residual_GP,20,4,1,0.0,1
V11,GP_BO,30,0,1,0.0,1
V11,diffusion_residual_GP,30,0,1,0.0,1
V11,GP_BO,30,1,1,0.0,1
V11,diffusion_residual_GP,30,1,1,0.0,1
V11,GP_BO,30,2,1,0.0,1
V11,diffusion_residual_GP,30,2,1,0.0,1
V11,GP_BO,30,3,1,0.0,1
V11,diffusion_residual_GP,30,3,1,0.0,1
V11,GP_BO,30,4,1,0.0,1
V11,diffusion_residual_GP,30,4,1,0.0,1
V11,GP_BO,44,0,1,0.0,1
V11,diffusion_residual_GP,44,0,1,0.0,1
V11,GP_BO,44,1,1,0.0,1
V11,diffusion_residual_GP,44,1,1,0.0,1
V11,GP_BO,44,2,1,0.0,1
V11,diffusion_residual_GP,44,2,1,0.0,1
V11,GP_BO,44,3,1,0.0,1
V11,diffusion_residual_GP,44,3,1,0.0,1
V11,GP_BO,44,4,1,0.0,1
V11,diffusion_residual_GP,44,4,1,0.0,1
V12,GP_BO,12,0,0,0.0,0
V12,diffusion_residual_GP,12,0,3,0.0,1
V12,GP_BO,12,1,0,0.0,0
V12,diffusion_residual_GP,12,1,3,0.0,1
V12,GP_BO,12,2,0,0.0,0
V12,diffusion_residual_GP,12,2,3,0.0,1
V12,GP_BO,12,3,0,0.0,0
V12,diffusion_residual_GP,12,3,3,0.0,1
V12,GP_BO,12,4,0,0.0,0
V12,diffusion_residual_GP,12,4,3,0.0,1
V12,GP_BO,20,0,0,0.0,0
V12,diffusion_residual_GP,20,0,3,0.0,1
V12,GP_BO,20,1,3,0.0,1
V12,diffusion_residual_GP,20,1,3,0.0,1
V12,GP_BO,20,2,3,0.0,1
V12,diffusion_residual_GP,20,2,3,0.0,1
V12,GP_BO,20,3,3,0.0,1
V12,diffusion_residual_GP,20,3,3,0.0,1
V12,GP_BO,20,4,3,0.0,1
V12,diffusion_residual_GP,20,4,3,0.0,1
V12,GP_BO,30,0,3,0.0,1
V12,diffusion_residual_GP,30,0,3,0.0,1
V12,GP_BO,30,1,3,0.0,1
V12,diffusion_residual_GP,30,1,3,0.0,1
V12,GP_BO,30,2,3,0.0,1
V12,diffusion_residual_GP,30,2,3,0.0,1
V12,GP_BO,30,3,3,0.0,1
V12,diffusion_residual_GP,30,3,3,0.0,1
V12,GP_BO,30,4,3,0.0,1
V12,diffusion_residual_GP,30,4,3,0.0,1
V12,GP_BO,44,0,3,0.0,1
V12,diffusion_residual_GP,44,0,3,0.0,1
V12,GP_BO,44,1,3,0.0,1
V12,diffusion_residual_GP,44,1,3,0.0,1
V12,GP_BO,44,2,3,0.0,1
V12,diffusion_residual_GP,44,2,3,0.0,1
V12,GP_BO,44,3,3,0.0,1
V12,diffusion_residual_GP,44,3,3,0.0,1
V12,GP_BO,44,4,3,0.0,1
V12,diffusion_residual_GP,44,4,3,0.0,1
